name,superCategory,category,subCategory,imageUrl
Caffe Americano,Drinks,Hot Coffees,Americanos,https://globalassets.starbucks.com/assets/f12bc8af498d45ed92c5d6f1dac64062.jpg?impolicy=1by1_tight_288
Blonde Roast,Drinks,Hot Coffees,Brewed Coffees,https://globalassets.starbucks.com/assets/abb4f97948c948c28ea2dcaf933c4f6b.jpg?impolicy=1by1_tight_288
Caffe Misto,Drinks,Hot Coffees,Brewed Coffees,https://globalassets.starbucks.com/assets/d668acbc691b47249548a3eeac449916.jpg?impolicy=1by1_tight_288
Featured Starbucks Dark Roast Coffee,Drinks,Hot Coffees,Brewed Coffees,https://globalassets.starbucks.com/assets/0279f9c5fa5941d2a65dd183d7a0b386.jpg?impolicy=1by1_tight_288
Pike Place Roast,Drinks,Hot Coffees,Brewed Coffees,https://globalassets.starbucks.com/assets/bffaf0f27e124801abcabe09f05b0fb2.jpg?impolicy=1by1_tight_288
Decaf Pike Place Roast,Drinks,Hot Coffees,Brewed Coffees,https://globalassets.starbucks.com/assets/51bf549cd8e9434da941fec33b820d39.jpg?impolicy=1by1_tight_288
Cappucino,Drinks,Hot Coffees,Cappucinos,https://globalassets.starbucks.com/assets/5c515339667943ce84dc56effdf5fc1b.jpg?impolicy=1by1_tight_288
Espresso,Drinks,Hot Coffees,Espresso Shots,https://globalassets.starbucks.com/assets/ec519dd5642c41629194192cce582135.jpg?impolicy=1by1_tight_288
Espresso Con Panna,Drinks,Hot Coffees,Espresso Shots,https://globalassets.starbucks.com/assets/e9330b18ae524e69bdcbe97460d6f5bb.jpg?impolicy=1by1_tight_288
Flat White,Drinks,Hot Coffees,Flat Whites,https://globalassets.starbucks.com/assets/fedee22e49724cd09fbcc7ee2e567377.jpg?impolicy=1by1_tight_288
Honey Almondmilk Flat White,Drinks,Hot Coffees,Flat Whites,https://globalassets.starbucks.com/assets/77801559b72b469583f4d484adc1bfa7.jpg?impolicy=1by1_tight_288
Pumpkin Spice Latte,Drinks,Hot Coffees,Lattes,https://globalassets.starbucks.com/assets/4ea1c4c2b6734cd389208520969000f6.jpg?impolicy=1by1_tight_288
Honey Oatmilk Latte,Drinks,Hot Coffees,Lattes,https://globalassets.starbucks.com/assets/edd75880341c437ab194c14835fbb24e.jpg?impolicy=1by1_tight_288
Caffe Latte,Drinks,Hot Coffees,Lattes,https://globalassets.starbucks.com/assets/b635f407bbcd49e7b8dd9119ce33f76e.jpg?impolicy=1by1_tight_288
Cinnamon Dolce Latte,Drinks,Hot Coffees,Lattes,https://globalassets.starbucks.com/assets/9329c03ce24f4623be25dd24d7537db2.jpg?impolicy=1by1_tight_288
Starbucks Reserve Latte,Drinks,Hot Coffees,Lattes,https://globalassets.starbucks.com/assets/55083489399e435e81cf41d899051a5a.jpg?impolicy=1by1_tight_288
Starbucks Reserve Hazelnut Bianco Latte,Drinks,Hot Coffees,Lattes,https://globalassets.starbucks.com/assets/049d23aac19047f4b3a40532cc24b510.jpg?impolicy=1by1_tight_288
Starbucks Blonde Vanilla Latte,Drinks,Hot Coffees,Lattes,https://globalassets.starbucks.com/assets/b635f407bbcd49e7b8dd9119ce33f76e.jpg?impolicy=1by1_tight_288
Apple Crisp Macchiato,Drinks,Hot Coffees,Macchiatos,https://globalassets.starbucks.com/assets/216279bad2ca4dd193675475106a9f88.jpg?impolicy=1by1_tight_288
Caramel Macchiato,Drinks,Hot Coffees,Macchiatos,https://globalassets.starbucks.com/assets/216279bad2ca4dd193675475106a9f88.jpg?impolicy=1by1_tight_288
Espresso Macchiato,Drinks,Hot Coffees,Macchiatos,https://globalassets.starbucks.com/assets/26495f2a8b644fe8960dd74e1891b7b7.jpg?impolicy=1by1_tight_288
Caffe Mocha,Drinks,Hot Coffees,Mochas,https://globalassets.starbucks.com/assets/f4ec500b34624242b15c2d29e53f3c48.jpg?impolicy=1by1_tight_288
Starbucks Reserve Dark Chocolate Mocha,Drinks,Hot Coffees,Mochas,https://globalassets.starbucks.com/assets/ce6342b5aeea4607a0e866057e3b5a4c.jpg?impolicy=1by1_tight_288
White Chocolate Mocha,Drinks,Hot Coffees,Mochas,https://globalassets.starbucks.com/assets/4b621e63f6ba4c19a8618055284eca8d.jpg?impolicy=1by1_tight_288
Clover Starbucks Reserve Vietnam Da Lat,Drinks,Hot Coffees,Clover Brewed Coffees,https://globalassets.starbucks.com/assets/5df2e3fa34964a6fa6ecd8e4bd290f79.jpg?impolicy=1by1_tight_288
Rwanda Hingakawa Clover Starbucks Reserve,Drinks,Hot Coffees,Clover Brewed Coffees,https://globalassets.starbucks.com/assets/f3d2ab0d639c4fbbae113d5057cd72d0.jpg?impolicy=1by1_tight_288
Bolivia Sol de la Manana Clover Starbucks Reserve,Drinks,Hot Coffees,Clover Brewed Coffees,https://globalassets.starbucks.com/assets/d9001abcf0f846c1af8411626ade1538.jpg?impolicy=1by1_tight_288
Clover Starbucks Reserve Costa Rica Naranjo,Drinks,Hot Coffees,Clover Brewed Coffees,https://globalassets.starbucks.com/assets/48f8877dfbc841dfa2cdec27508786fa.jpg?impolicy=1by1_tight_288
Hawaii Kau Clover Starbucks Reserve,Drinks,Hot Coffees,Clover Brewed Coffees,https://globalassets.starbucks.com/assets/e0af85c3539840c8b6579963c4a7c935.jpg?impolicy=1by1_tight_288
Clover Brewed Pike Place Roast,Drinks,Hot Coffees,Clover Brewed Coffees,https://globalassets.starbucks.com/assets/daff58c7bd96450abbfa06168d3257a3.jpg
Organic Yukon Blend Clover,Drinks,Hot Coffees,Clover Brewed Coffees,https://globalassets.starbucks.com/assets/05f317b04bed415cb684e45619385981.jpg
Clover Brewed Gold Coast Blend,Drinks,Hot Coffees,Clover Brewed Coffees,https://globalassets.starbucks.com/assets/3b5429358718459e9437ba5bdfe8c64e.jpg
Clover Brewed Breakfast Blend,Drinks,Hot Coffees,Clover Brewed Coffees,https://globalassets.starbucks.com/assets/245d307f700b499f9951911834314b4d.jpg
Kenya Clover,Drinks,Hot Coffees,Clover Brewed Coffees,https://globalassets.starbucks.com/assets/12cb17669c8a4c029bbc818c696b15ab.jpg
Veranda Blend Clover,Drinks,Hot Coffees,Clover Brewed Coffees,https://globalassets.starbucks.com/assets/d4f3ce319dc4461ba0dde735905d9e83.jpg
Clover Brewed Guatamala Antigua,Drinks,Hot Coffees,Clover Brewed Coffees,https://globalassets.starbucks.com/assets/ee794e240c964ef8a45eb685d4a3fee8.jpg
Clover Brewed Starbucks Willow Blend,Drinks,Hot Coffees,Clover Brewed Coffees,https://globalassets.starbucks.com/assets/0851ad1d53dc4861934e48b0477b2044.jpg
Decaf Sumatra Clover,Drinks,Hot Coffees,Clover Brewed Coffees,https://globalassets.starbucks.com/assets/b5cdf8e946764c059542f0735b227cf9.jpg
Caffe Verona Clover,Drinks,Hot Coffees,Clover Brewed Coffees,https://globalassets.starbucks.com/assets/44c1e39788fd4ac69bcc313a5ee4ac46.jpg
Clover Brewed Decaf Pike Place Roast,Drinks,Hot Coffees,Clover Brewed Coffees,https://globalassets.starbucks.com/assets/6d2e93b03f0d47d89f1087eab71cf97b.jpg?impolicy=1by1_tight_288
Espresso Roast Clover,Drinks,Hot Coffees,Clover Brewed Coffees,https://globalassets.starbucks.com/assets/c2fed63094c346a9971da5e5a76bb7c8.jpg
Decaf Espresso Roast Clover,Drinks,Hot Coffees,Clover Brewed Coffees,https://globalassets.starbucks.com/assets/3b1154ab06d74288a4ba7ebb40ebe405.jpg
Ethiopia Clover,Drinks,Hot Coffees,Clover Brewed Coffees,https://globalassets.starbucks.com/assets/2c57d2bdb6234f249ed09d9feda9c57c.jpg
French Roast Clover,Drinks,Hot Coffees,Clover Brewed Coffees,https://globalassets.starbucks.com/assets/b76445a73d524a0387c0a4f6396a4df9.jpg
Italian Roast Clover,Drinks,Hot Coffees,Clover Brewed Coffees,https://globalassets.starbucks.com/assets/c899dd0c50f44e91bdfc1899458fdbc4.jpg
Komodo Dragon Clover,Drinks,Hot Coffees,Clover Brewed Coffees,https://globalassets.starbucks.com/assets/e5f242c434b544f8875935635f63fa1f.jpg
Sumatra Clover,Drinks,Hot Coffees,Clover Brewed Coffees,https://globalassets.starbucks.com/assets/b324199f53ae401681df86c6aa9ba37b.jpg
Coffee Traveler - Starbucks Blonde Roast,Drinks,Hot Coffees,Coffee Travelers,https://globalassets.starbucks.com/assets/0992e70336d7446093fe8d50cb3377f2.jpg?impolicy=1by1_tight_288
Coffee Traveler - Dark Roast,Drinks,Hot Coffees,Coffee Travelers,https://globalassets.starbucks.com/assets/9d5739c00da14ea8acc0497989b08016.jpg?impolicy=1by1_tight_288
Coffee Traveler - Pike Place Roast,Drinks,Hot Coffees,Coffee Travelers,https://globalassets.starbucks.com/assets/9d5739c00da14ea8acc0497989b08016.jpg?impolicy=1by1_tight_288
Coffee Traveler - Decaf Pike Place Roast,Drinks,Hot Coffees,Coffee Travelers,https://globalassets.starbucks.com/assets/9d5739c00da14ea8acc0497989b08016.jpg?impolicy=1by1_tight_288
Chai Tea Latte,Drinks,Hot Teas,Chai Teas,https://globalassets.starbucks.com/assets/2d52f16a22fb40ff898be1815ecc952e.jpg?impolicy=1by1_tight_288
Chai Tea,Drinks,Hot Teas,Chai Teas,https://globalassets.starbucks.com/assets/49bf4333e9d048498a59a5a2b958165f.jpg?impolicy=1by1_tight_288
Earl Grey Tea,Drinks,Hot Teas,Black Teas,https://globalassets.starbucks.com/assets/6f780d5d392542c6b9b1a4412881cecc.jpg?impolicy=1by1_tight_288
London Fog Tea Latte,Drinks,Hot Teas,Black Teas,https://globalassets.starbucks.com/assets/180da7ecb6fa4d2686babe5619fa7b84.jpg?impolicy=1by1_tight_288
Royal English Breakfast Tea,Drinks,Hot Teas,Black Teas,https://globalassets.starbucks.com/assets/e3554d07d1394ee79cfad80a383ba163.jpg?impolicy=1by1_tight_288
Royal English Breakfast Tea Latte,Drinks,Hot Teas,Black Teas,https://globalassets.starbucks.com/assets/919eb07194f44a0b842c0260c3a286d8.jpg?impolicy=1by1_tight_288
Emperor's Clouds & Mist,Drinks,Hot Teas,Green Teas,https://globalassets.starbucks.com/assets/1a84d455abd84ac3b356c6523fce9ac8.jpg?impolicy=1by1_tight_288
Matcha Tea Latte,Drinks,Hot Teas,Green Teas,https://globalassets.starbucks.com/assets/8b1b6d808cca4787afd2b30cf8dd5676.jpg?impolicy=1by1_tight_288
Honey Citrus Mint Tea,Drinks,Hot Teas,Green Teas,https://globalassets.starbucks.com/assets/a5e64777b3cc412e9239b8a37328cb37.jpg?impolicy=1by1_tight_288
Jade Citrus Mint Brewed Tea,Drinks,Hot Teas,Green Teas,https://globalassets.starbucks.com/assets/6a59c09bb55c42f8a6a970e73c22caeb.jpg?impolicy=1by1_tight_288
Mint Majesty,Drinks,Hot Teas,Herbal Teas,https://globalassets.starbucks.com/assets/cf7469c84a444e4f9a341f8023558c77.jpg?impolicy=1by1_tight_288
Peach Tranquility,Drinks,Hot Teas,Herbal Teas,https://globalassets.starbucks.com/assets/f3ecda7d7510434c9ed2b3167dcb4466.jpg?impolicy=1by1_tight_288
Hot Chocolate,Drinks,Hot Drinks,Hot Chocolates,https://globalassets.starbucks.com/assets/d39650cf28d44aa283a0f311581e3491.jpg?impolicy=1by1_tight_288
White Hot Chocolate,Drinks,Hot Drinks,Hot Chocolates,https://globalassets.starbucks.com/assets/0819fb73cd904e8aa2c7e8beae341f04.jpg?impolicy=1by1_tight_288
Caramel Apple Spice,Drinks,Hot Drinks,Juice,https://globalassets.starbucks.com/assets/878b34f91f924460bc10570a6d75f060.jpg?impolicy=1by1_tight_288
Steamed Apple Juice,Drinks,Hot Drinks,Juice,https://globalassets.starbucks.com/assets/a9e551eb323e4f0a93cf91b165916950.jpg?impolicy=1by1_tight_288
Pumpkin Spice Creme,Drinks,Hot Drinks,Steamers,https://globalassets.starbucks.com/assets/56ea95b0384b42fda486e52a23ea21c4.jpg?impolicy=1by1_tight_288
Cinnamon Dolce Creme,Drinks,Hot Drinks,Steamers,https://globalassets.starbucks.com/assets/07a3db7c1c3d4f238187ac587fb9f12e.jpg?impolicy=1by1_tight_288
Steamed Milk,Drinks,Hot Drinks,Steamers,https://globalassets.starbucks.com/assets/8b656cabb99344269543833b7e787bbd.jpg?impolicy=1by1_tight_288
Vanilla Creme,Drinks,Hot Drinks,Steamers,https://globalassets.starbucks.com/assets/08cbcc04c487480d9587414ea1977ce7.jpg?impolicy=1by1_tight_288
Pumpkin Spice Frappucino Blended Beverage,Drinks,Frappucino Blended Beverages,Coffee Frappucino,https://globalassets.starbucks.com/assets/f7a91d930a1d4964bd906f685d7cc485.jpg?impolicy=1by1_tight_288
Apple Crisp Frappucino Blended Beverage,Drinks,Frappucino Blended Beverages,Coffee Frappucino,https://globalassets.starbucks.com/assets/bbc7cc6d25be43728bc659d7f7da81bf.jpg?impolicy=1by1_tight_288
Strawberry Funnel Cake Frappucino Blended Beverage,Drinks,Frappucino Blended Beverages,Coffee Frappucino,https://globalassets.starbucks.com/assets/075fe296dd0c4395821122d872e703ae.jpg?impolicy=1by1_tight_288
Mocha Cookie Crumble Frappucino Blended Beverage,Drinks,Frappucino Blended Beverages,Coffee Frappucino,https://globalassets.starbucks.com/assets/e4d9e996eb64453eb3ac7adb570c9b7b.jpg?impolicy=1by1_tight_288
Caramel Ribbon Crunch Frappucino Blended Beverage,Drinks,Frappucino Blended Beverages,Coffee Frappucino,https://globalassets.starbucks.com/assets/bdc7fcf962884211ab83918d34f73393.jpg?impolicy=1by1_tight_288
Espresso Frappucino Blended Beverage,Drinks,Frappucino Blended Beverages,Coffee Frappucino,https://globalassets.starbucks.com/assets/e40fe41b68ec42c0a06af692cc4b1c12.jpg?impolicy=1by1_tight_288
Caffe Vanilla Frappucino Blended Beverage,Drinks,Frappucino Blended Beverages,Coffee Frappucino,https://globalassets.starbucks.com/assets/ae37d46a04064cae93f307d1b122c8fe.jpg?impolicy=1by1_tight_288
Caramel Frappucino Blended Beverage,Drinks,Frappucino Blended Beverages,Coffee Frappucino,https://globalassets.starbucks.com/assets/6ab7d70c4fff435faf090a2f1a6f30d5.jpg?impolicy=1by1_tight_288
Coffee Frappucino Blended Beverage,Drinks,Frappucino Blended Beverages,Coffee Frappucino,https://globalassets.starbucks.com/assets/2cf55066b3ec4547b452aebffe0870cf.jpg?impolicy=1by1_tight_288
Mocha Frappucino Blended Beverage,Drinks,Frappucino Blended Beverages,Coffee Frappucino,https://globalassets.starbucks.com/assets/fd4d97f22e8f476b874352258a3f0672.jpg?impolicy=1by1_tight_288
Java Chip Frappucino Blended Beverage,Drinks,Frappucino Blended Beverages,Coffee Frappucino,https://globalassets.starbucks.com/assets/87ab7a1c8b7b492cbc1d5c5d44e1007b.jpg?impolicy=1by1_tight_288
White Chocolate Mocha Frappucino Blended Beverage,Drinks,Frappucino Blended Beverages,Coffee Frappucino,https://globalassets.starbucks.com/assets/10292166b128460085e7f336907d6bea.jpg?impolicy=1by1_tight_288
Pumpkin Spice Creme Frappucino Blended Beverage,Drinks,Frappucino Blended Beverages,Creme Frappucino,https://globalassets.starbucks.com/assets/a225ed46752740daa23ed75650c4248b.jpg?impolicy=1by1_tight_288
Apple Crisp Creme Frappucino Blended Beverage,Drinks,Frappucino Blended Beverages,Creme Frappucino,https://globalassets.starbucks.com/assets/4ad8f722d6ec4464918d351af194f578.jpg?impolicy=1by1_tight_288
Strawberry Funnel Cake Creme Frappucino Blended Beverage,Drinks,Frappucino Blended Beverages,Creme Frappucino,https://globalassets.starbucks.com/assets/f594e311b0914dcbb06d682e4a90f309.jpg?impolicy=1by1_tight_288
Chocolate Cookie Crumble Creme Frappuccino,Drinks,Frappucino Blended Beverages,Creme Frappucino,https://globalassets.starbucks.com/assets/c29e262ae2d6458a976d03733a047b44.jpg?impolicy=1by1_tight_288
Caramel Ribbon Crunch Creme Frappucino Blended Beverage,Drinks,Frappucino Blended Beverages,Creme Frappucino,https://globalassets.starbucks.com/assets/8877d28f79c04a69ac553c5751e8aa10.jpg?impolicy=1by1_tight_288
Strawberry Creme Frappucino Blended Beverage,Drinks,Frappucino Blended Beverages,Creme Frappucino,https://globalassets.starbucks.com/assets/d878ff7923b54881a4076de8a0269546.jpg?impolicy=1by1_tight_288
Chai Creme Frappucino Blended Beverage,Drinks,Frappucino Blended Beverages,Creme Frappucino,https://globalassets.starbucks.com/assets/d06af309198949d8be7def2fcdcb8e1b.jpg?impolicy=1by1_tight_288
Double Chocolaty Chip Creme Frappucino Blended Beverage,Drinks,Frappucino Blended Beverages,Creme Frappucino,https://globalassets.starbucks.com/assets/41daf68bcbf84ee68b7d23e0b820127f.jpg?impolicy=1by1_tight_288
Matcha Creme Frappucino Blended Beverage,Drinks,Frappucino Blended Beverages,Creme Frappucino,https://globalassets.starbucks.com/assets/4de2afd14f3343b6a140c904e1b4a63a.jpg?impolicy=1by1_tight_288
Vanilla Bean Creme Frappucino Blended Beverage,Drinks,Frappucino Blended Beverages,Creme Frappucino,https://globalassets.starbucks.com/assets/b68fa7003557464a8abfaf3e04e2704b.jpg?impolicy=1by1_tight_288
White Chocolate Creme Frappucino Blended Beverage,Drinks,Frappucino Blended Beverages,Creme Frappucino,https://globalassets.starbucks.com/assets/b29b977606704ff9a0238600231faf9c.jpg?impolicy=1by1_tight_288
Pumpkin Cream Cold Brew,Drinks,Cold Coffees,Cold Brews,https://globalassets.starbucks.com/assets/70cc353e42224b4a97ec995919f02976.jpg?impolicy=1by1_tight_288
Salted Caramel Cream Cold Brew,Drinks,Cold Coffees,Cold Brews,https://globalassets.starbucks.com/assets/d4e07c5c1f744157b7d460e25b00a384.jpg?impolicy=1by1_tight_288
Honey Almondmilk Cold Brew,Drinks,Cold Coffees,Cold Brews,https://globalassets.starbucks.com/assets/21f012c25a714d81b211a19094fb90cc.jpg?impolicy=1by1_tight_288
Starbucks Reserve Cold Brew,Drinks,Cold Coffees,Cold Brews,https://globalassets.starbucks.com/assets/65fc074f721f41afb23db6981c600ce7.jpg?impolicy=1by1_tight_288
Starbucks Cold Brew Coffee,Drinks,Cold Coffees,Cold Brews,https://globalassets.starbucks.com/assets/83617bbfa2264197b745a1c2db04fa92.jpg?impolicy=1by1_tight_288
Vanilla Sweet Cream Cold Brew,Drinks,Cold Coffees,Cold Brews,https://globalassets.starbucks.com/assets/3ee242d417904e7aa8f859fc1b07873c.jpg?impolicy=1by1_tight_288
Starbucks Cold Brew Coffee with Milk,Drinks,Cold Coffees,Cold Brews,https://globalassets.starbucks.com/assets/de574746527d4960a7d838f271e3491c.jpg?impolicy=1by1_tight_288
Honey Almondmilk Nitro Cold Brew,Drinks,Cold Coffees,Nitro Cold Brews,https://globalassets.starbucks.com/assets/4e0fc8e18163403dbecc55d465ccab95.jpg?impolicy=1by1_tight_288
Starbucks Reserve Nitro Cold Brew,Drinks,Cold Coffees,Nitro Cold Brews,https://globalassets.starbucks.com/assets/55525cd1303a4b18958b05f0705b4cbb.jpg?impolicy=1by1_tight_288
Nitro Cold Brew,Drinks,Cold Coffees,Nitro Cold Brews,https://globalassets.starbucks.com/assets/85ae42ce9eb5423d83c4410f7b561882.jpg?impolicy=1by1_tight_288
Vanilla Sweet Cream Nitro Cold Brew,Drinks,Cold Coffees,Nitro Cold Brews,https://globalassets.starbucks.com/assets/31d2824c896147fbaad4a1eac1ab1174.jpg?impolicy=1by1_tight_288
Iced Caffe Americano,Drinks,Cold Coffees,Iced Americano,https://globalassets.starbucks.com/assets/84ede138768e42ebb2e0366c2f09960a.jpg?impolicy=1by1_tight_288
Iced Coffee,Drinks,Cold Coffees,Iced Coffees,https://globalassets.starbucks.com/assets/2c626225a4804e5abd8e93e7fd59a0a2.jpg?impolicy=1by1_tight_288
Iced Coffee with Milk,Drinks,Cold Coffees,Iced Coffees,https://globalassets.starbucks.com/assets/cc9b573f8c1b43cd89cdab08ae5b9ec7.jpg?impolicy=1by1_tight_288
Iced Espresso,Drinks,Cold Coffees,Iced Coffees,https://globalassets.starbucks.com/assets/6a320073ec4b47e7bb9e6eb9e5e74e96.jpg?impolicy=1by1_tight_288
Iced Brown Sugar Oatmilk Shaken Espresso,Drinks,Cold Coffees,Iced Shaken Espresso,https://globalassets.starbucks.com/assets/9fdcfa06cc964029a3941adb7a36aa7f.jpg?impolicy=1by1_tight_288
Iced Chocolate Almondmilk Shaken Espresso,Drinks,Cold Coffees,Iced Shaken Espresso,https://globalassets.starbucks.com/assets/9d72035353344b59938d007451754db5.jpg?impolicy=1by1_tight_288
Iced Shaken Espresso,Drinks,Cold Coffees,Iced Shaken Espresso,https://globalassets.starbucks.com/assets/4471d887a8fb4c15a4db4c668971b8aa.jpg?impolicy=1by1_tight_288
Iced Flat White,Drinks,Cold Coffees,Iced Flat Whites,https://globalassets.starbucks.com/assets/ea360dd2ea0a4ab098fea38fc7e3752c.jpg?impolicy=1by1_tight_288
Iced Honey Almondmilk Flat White,Drinks,Cold Coffees,Iced Flat Whites,https://globalassets.starbucks.com/assets/278a67a4f04948748626b3e0a2582182.jpg?impolicy=1by1_tight_288
Iced Pumpkin Spice Latte,Drinks,Cold Coffees,Iced Lattes,https://globalassets.starbucks.com/assets/f316305ccb6e49c79dbc9212a33363f9.jpg?impolicy=1by1_tight_288
Iced Honey Oatmilk Latte,Drinks,Cold Coffees,Iced Lattes,https://globalassets.starbucks.com/assets/941fcbe6faed4a0f86804f10f650c572.jpg?impolicy=1by1_tight_288
Starbucks Reserve Iced Latte,Drinks,Cold Coffees,Iced Lattes,https://globalassets.starbucks.com/assets/607f5c86ac664a35a5b462acfbfe7891.jpg?impolicy=1by1_tight_288
Starbucks Reserve Iced Hazelnut Bianco Latte,Drinks,Cold Coffees,Iced Lattes,https://globalassets.starbucks.com/assets/1266dd4687e943e0a54c9da9269e95e3.jpg?impolicy=1by1_tight_288
Iced Caffe Latte,Drinks,Cold Coffees,Iced Lattes,https://globalassets.starbucks.com/assets/f9ad475efabb455887649f7dd453a90d.jpg?impolicy=1by1_tight_288
Iced Cinnamon Dolce Latte,Drinks,Cold Coffees,Iced Lattes,https://globalassets.starbucks.com/assets/2a7651bc593044ba9043e90ddc20e3f1.jpg?impolicy=1by1_tight_288
Iced Starbucks Blonde Vanilla Latte,Drinks,Cold Coffees,Iced Lattes,https://globalassets.starbucks.com/assets/5cd1a64f00ed4f7ba5923cfa73a0e323.jpg?impolicy=1by1_tight_288
Iced Apple Crisp Macchiato,Drinks,Cold Coffees,Iced Macchiatos,https://globalassets.starbucks.com/assets/15c21fdd92b04f9ab6dec5fb40201012.jpg?impolicy=1by1_tight_288
Iced Caramel Macchiato,Drinks,Cold Coffees,Iced Macchiatos,https://globalassets.starbucks.com/assets/79bfec31ab7447f691b3c48f39cc7661.jpg?impolicy=1by1_tight_288
Iced Caffe Mocha,Drinks,Cold Coffees,Iced Mochas,https://globalassets.starbucks.com/assets/7313a28bd5174ef5bd68f6c1d159797a.jpg?impolicy=1by1_tight_288
Iced White Chocolate Mocha,Drinks,Cold Coffees,Iced Mochas,https://globalassets.starbucks.com/assets/2e2875445811469dac73223e31de6103.jpg?impolicy=1by1_tight_288
Starbucks Reserve Iced Dark Chocolate Mocha,Drinks,Cold Coffees,Iced Mochas,https://globalassets.starbucks.com/assets/b583bccc3df243698937e2ad21d7be7b.jpg?impolicy=1by1_tight_288
Iced Clover Starbucks Reserve Vietnam Da Lat,Drinks,Cold Coffees,Iced Clover Brewed Coffees,https://globalassets.starbucks.com/assets/5df2e3fa34964a6fa6ecd8e4bd290f79.jpg?impolicy=1by1_tight_288
Iced Clover Starbucks Reserve Costa Rica Naranjo,Drinks,Cold Coffees,Iced Clover Brewed Coffees,https://globalassets.starbucks.com/assets/48f8877dfbc841dfa2cdec27508786fa.jpg?impolicy=1by1_tight_288
Rwanda Hingakawa Iced Clover Starbucks Reserve,Drinks,Cold Coffees,Iced Clover Brewed Coffees,https://globalassets.starbucks.com/assets/f3d2ab0d639c4fbbae113d5057cd72d0.jpg?impolicy=1by1_tight_288
Bolivia Sol de la Manana Iced Clover Starbucks Reserve,Drinks,Cold Coffees,Iced Clover Brewed Coffees,https://globalassets.starbucks.com/assets/d9001abcf0f846c1af8411626ade1538.jpg?impolicy=1by1_tight_288
Iced Hawaii Kau Clover Starbucks Reserve,Drinks,Cold Coffees,Iced Clover Brewed Coffees,https://globalassets.starbucks.com/assets/e0af85c3539840c8b6579963c4a7c935.jpg?impolicy=1by1_tight_288
Iced Clover Brewed Breakfast Blend,Drinks,Cold Coffees,Iced Clover Brewed Coffees,https://globalassets.starbucks.com/assets/245d307f700b499f9951911834314b4d.jpg
Iced Caffe Verona Clover,Drinks,Cold Coffees,Iced Clover Brewed Coffees,https://globalassets.starbucks.com/assets/44c1e39788fd4ac69bcc313a5ee4ac46.jpg
Iced Clover Brewed Decaf Espresso Roast,Drinks,Cold Coffees,Iced Clover Brewed Coffees,https://globalassets.starbucks.com/assets/3b1154ab06d74288a4ba7ebb40ebe405.jpg
Iced Clover Brewed Decaf Pike Place Roast,Drinks,Cold Coffees,Iced Clover Brewed Coffees,https://globalassets.starbucks.com/assets/6e0b6fe1a3634338b2664c6a5f0fc664.jpg
Iced Espresso Roast Clover,Drinks,Cold Coffees,Iced Clover Brewed Coffees,https://globalassets.starbucks.com/assets/c2fed63094c346a9971da5e5a76bb7c8.jpg
Iced Ethiopia Clover,Drinks,Cold Coffees,Iced Clover Brewed Coffees,https://globalassets.starbucks.com/assets/2c57d2bdb6234f249ed09d9feda9c57c.jpg
Iced French Roast Clover,Drinks,Cold Coffees,Iced Clover Brewed Coffees,https://globalassets.starbucks.com/assets/b76445a73d524a0387c0a4f6396a4df9.jpg
Iced Clover Brewed Gold Coast Blend,Drinks,Cold Coffees,Iced Clover Brewed Coffees,https://globalassets.starbucks.com/assets/3b5429358718459e9437ba5bdfe8c64e.jpg
Iced Guatemala Antigua Clover,Drinks,Cold Coffees,Iced Clover Brewed Coffees,https://globalassets.starbucks.com/assets/ee794e240c964ef8a45eb685d4a3fee8.jpg
Iced Clover Brewed Italian Roast,Drinks,Cold Coffees,Iced Clover Brewed Coffees,https://globalassets.starbucks.com/assets/c899dd0c50f44e91bdfc1899458fdbc4.jpg
Iced Clover Brewed Kenya,Drinks,Cold Coffees,Iced Clover Brewed Coffees,https://globalassets.starbucks.com/assets/12cb17669c8a4c029bbc818c696b15ab.jpg
Iced Komodo Dragon Clover,Drinks,Cold Coffees,Iced Clover Brewed Coffees,https://globalassets.starbucks.com/assets/e5f242c434b544f8875935635f63fa1f.jpg
Iced Pike Place Roast Clover,Drinks,Cold Coffees,Iced Clover Brewed Coffees,https://globalassets.starbucks.com/assets/daff58c7bd96450abbfa06168d3257a3.jpg
Iced Veranda Blend Clover,Drinks,Cold Coffees,Iced Clover Brewed Coffees,https://globalassets.starbucks.com/assets/d4f3ce319dc4461ba0dde735905d9e83.jpg
Iced Organic Yukon Blend Clover,Drinks,Cold Coffees,Iced Clover Brewed Coffees,https://globalassets.starbucks.com/assets/05f317b04bed415cb684e45619385981.jpg
Iced Clover Brewed Starbucks Willow Blend,Drinks,Cold Coffees,Iced Clover Brewed Coffees,https://globalassets.starbucks.com/assets/0851ad1d53dc4861934e48b0477b2044.jpg
Iced Decaf Sumatra Clover,Drinks,Cold Coffees,Iced Clover Brewed Coffees,https://globalassets.starbucks.com/assets/b5cdf8e946764c059542f0735b227cf9.jpg
Iced Sumatra Clover,Drinks,Cold Coffees,Iced Clover Brewed Coffees,https://globalassets.starbucks.com/assets/b324199f53ae401681df86c6aa9ba37b.jpg
Teavana Sparking Unsweetened Peach Nectarine Green Tea,Drinks,Iced Teas,Bottled Teas,https://globalassets.starbucks.com/assets/de6d02e888c74eac9f6ea19c5492b8e8.jpg?impolicy=1by1_tight_288
Teavana Mango Black Tea,Drinks,Iced Teas,Bottled Teas,https://globalassets.starbucks.com/assets/1948b8afbe464ff5b22e0fae35c65550.jpg?impolicy=1by1_tight_288
Iced Guava Black Tea,Drinks,Iced Teas,Iced Black Teas,https://globalassets.starbucks.com/assets/9d487fd1bd5048ef8190689b2d4fe167.jpg?impolicy=1by1_tight_288
Iced Guava Black Tea Lemonade,Drinks,Iced Teas,Iced Black Teas,https://globalassets.starbucks.com/assets/d6e4edbd8e714fd6815c76a5d5dbe24e.jpg?impolicy=1by1_tight_288
Iced Black Tea,Drinks,Iced Teas,Iced Black Teas,https://globalassets.starbucks.com/assets/b87b4ec73da2443d9e505319ac46168b.jpg?impolicy=1by1_tight_288
Iced Black Tea Lemonade,Drinks,Iced Teas,Iced Black Teas,https://globalassets.starbucks.com/assets/818612edc424442d956c81343f6a00d0.jpg?impolicy=1by1_tight_288
Iced Royal English Breakfast Tea Latte,Drinks,Iced Teas,Iced Black Teas,https://globalassets.starbucks.com/assets/9cce6d52c029474bb861d72bca0a65b3.jpg?impolicy=1by1_tight_288
Iced London Fog Tea Latte,Drinks,Iced Teas,Iced Black Teas,https://globalassets.starbucks.com/assets/9e0d704b717d4126804e18fffb341087.jpg?impolicy=1by1_tight_288
Iced Chai Tea Latte,Drinks,Iced Teas,Iced Chai Teas,https://globalassets.starbucks.com/assets/7b51b01b4a394a829ff9df4ef9f3be3c.jpg?impolicy=1by1_tight_288
Iced Peach Green Tea,Drinks,Iced Teas,Iced Green Teas,https://globalassets.starbucks.com/assets/9521526a4910401abd49c8872bac861d.jpg?impolicy=1by1_tight_288
Iced Peach Green Tea Lemonade,Drinks,Iced Teas,Iced Green Teas,https://globalassets.starbucks.com/assets/666d227f9924451da54721b757f9d7bd.jpg?impolicy=1by1_tight_288
Iced Matcha Tea Latte,Drinks,Iced Teas,Iced Green Teas,https://globalassets.starbucks.com/assets/edd9729b27284845abb99aaa1646b4c4.jpg?impolicy=1by1_tight_288
Iced Green Tea,Drinks,Iced Teas,Iced Green Teas,https://globalassets.starbucks.com/assets/764d8822c2a345cd873127845a3b09f4.jpg?impolicy=1by1_tight_288
Iced Green Tea Lemonade,Drinks,Iced Teas,Iced Green Teas,https://globalassets.starbucks.com/assets/84d27419b3454046bd02683c02fa7736.jpg?impolicy=1by1_tight_288
Iced Matcha Lemonade,Drinks,Iced Teas,Iced Green Teas,https://globalassets.starbucks.com/assets/55f2b6e2c66243d6816cf1e8267225b1.jpg?impolicy=1by1_tight_288
Iced Passion Tango Tea,Drinks,Iced Teas,Iced Herbal Teas,https://globalassets.starbucks.com/assets/76893bb0e1574db5826dea6eb342da90.jpg?impolicy=1by1_tight_288
Iced Passion Tango Tea Lemonade,Drinks,Iced Teas,Iced Herbal Teas,https://globalassets.starbucks.com/assets/569e49c5042e45eb8b16dc17aab2d482.jpg?impolicy=1by1_tight_288
Star Drink,Drinks,Cold Drinks,Starbucks Refreshers,https://globalassets.starbucks.com/assets/77334c4087314c518f842c2f77cfaec1.jpg?impolicy=1by1_tight_288
Kiwi Starfruit Starbucks Refreshers Beverage,Drinks,Cold Drinks,Starbucks Refreshers,https://globalassets.starbucks.com/assets/647997d777724b9c88f2203ad05a271e.jpg?impolicy=1by1_tight_288
Kiwi Starfruit Lemonade Starbucks Refreshers Beverage,Drinks,Cold Drinks,Starbucks Refreshers,https://globalassets.starbucks.com/assets/3b5acfe45ec7428d9722ab1c7fd50504.jpg?impolicy=1by1_tight_288
Dragon Drink,Drinks,Cold Drinks,Starbucks Refreshers,https://globalassets.starbucks.com/assets/7fe2123728f844849ae4f9ea01473468.jpg?impolicy=1by1_tight_288
Mango Dragonfruit Starbucks Refreshers Beverage,Drinks,Cold Drinks,Starbucks Refreshers,https://globalassets.starbucks.com/assets/c4f8851c2cb04e3b89f6cea4acae55b2.jpg?impolicy=1by1_tight_288
Mango Dragonfruit Lemonade Starbucks Refreshers Beverage,Drinks,Cold Drinks,Starbucks Refreshers,https://globalassets.starbucks.com/assets/cde81286f5ac4009ba466d8cd9083eb6.jpg?impolicy=1by1_tight_288
Strawberry Acai Lemonade Starbucks Refreshers Beverage,Drinks,Cold Drinks,Starbucks Refreshers,https://globalassets.starbucks.com/assets/68fa5aa7da804c09899b05172ea53dc1.jpg?impolicy=1by1_tight_288
Very Berry Hibiscus Lemonade Starbucks Refreshers Beverage,Drinks,Cold Drinks,Starbucks Refreshers,https://globalassets.starbucks.com/assets/dbef808ef015441c964090543c8ecb3d.jpg?impolicy=1by1_tight_288
Pink Drink,Drinks,Cold Drinks,Starbucks Refreshers,https://globalassets.starbucks.com/assets/3fee4c21a1cb4ad294e32c727aec0cdd.jpg?impolicy=1by1_tight_288
Strawberry Acai Starbucks Refreshers Beverage,Drinks,Cold Drinks,Starbucks Refreshers,https://globalassets.starbucks.com/assets/17827bf308ad464a9ef8bf4030ca9b72.jpg?impolicy=1by1_tight_288
Very Berry Hibiscus Starbucks Refreshers Beverage,Drinks,Cold Drinks,Starbucks Refreshers,https://globalassets.starbucks.com/assets/03e0fa75324b4d00aeca3b2d865cb830.jpg?impolicy=1by1_tight_288
Starbucks Refreshers Blueberry Acai,Drinks,Cold Drinks,Starbucks Refreshers,https://globalassets.starbucks.com/assets/d87623da8fc84deea2f22004832027be.jpg
Violet Drink,Drinks,Cold Drinks,Starbucks Refreshers,https://globalassets.starbucks.com/assets/cec54d35a8f84706b86c3a2ae839fa7e.jpg?impolicy=1by1_tight_288
Evolution Fresh Organic Vital Berry,Drinks,Cold Drinks,Juice,https://globalassets.starbucks.com/assets/e707826e061046d79b26cc165ec190a6.jpg?impolicy=1by1_tight_288
Evolution Fresh Organic Defense Up,Drinks,Cold Drinks,Juice,https://globalassets.starbucks.com/assets/3ef9580206174cbb9ca3e74cc9834f54.jpg?impolicy=1by1_tight_288
Evolution Fresh Orange,Drinks,Cold Drinks,Juice,https://globalassets.starbucks.com/assets/e07696c46d774fb3b971773b433bab0b.jpg?impolicy=1by1_tight_288
Evolution Fresh Organic Super Fruit Greens,Drinks,Cold Drinks,Juice,https://globalassets.starbucks.com/assets/3f7604be154a4f6790defa0a27c9ad20.jpg?impolicy=1by1_tight_288
Evolution Fresh Mighty Watermelon,Drinks,Cold Drinks,Juice,https://globalassets.starbucks.com/assets/24f36ed0145d4511840bd543506c7da0.jpg?impolicy=1by1_tight_288
Tree Top Apple Juice Box,Drinks,Cold Drinks,Juice,https://globalassets.starbucks.com/assets/307222bd6ea446758f6a190861bf8b24.jpg?impolicy=1by1_tight_288
Lemonade,Drinks,Cold Drinks,Juice,https://globalassets.starbucks.com/assets/22a5a22059ca47cda81b02d3c5794dee.jpg?impolicy=1by1_tight_288
Blended Strawberry Lemonade,Drinks,Cold Drinks,Juice,https://globalassets.starbucks.com/assets/72c38233d0ad4436b83fd4d2e6580a57.jpg?impolicy=1by1_tight_288
Horizon Chocolate Organic Milk,Drinks,Cold Drinks,Milk,https://globalassets.starbucks.com/assets/d5d9e3b1e7794fa6bba08c269c4f59a6.jpg?impolicy=1by1_tight_288
Horizon Organic Lowfat Milk Box,Drinks,Cold Drinks,Milk,https://globalassets.starbucks.com/assets/b8ee8032716f46f48167c1227577eddf.jpg?impolicy=1by1_tight_288
Milk,Drinks,Cold Drinks,Milk,https://globalassets.starbucks.com/assets/296fe6da884c4919948a7d84fb128dbe.jpg?impolicy=1by1_tight_288
Horizon Organic Vanilla Milk Box,Drinks,Cold Drinks,Milk,https://globalassets.starbucks.com/assets/c9a4d94f65fc49f2810084402a729d90.jpg?impolicy=1by1_tight_288
Galvanina Sparking Water,Drinks,Cold Drinks,Sparkling Water,https://globalassets.starbucks.com/assets/f0ce895c1080458eab6d026890f26de3.jpg?impolicy=1by1_tight_288
Spindrift Grapefruit Sparkling Water,Drinks,Cold Drinks,Sparkling Water,https://globalassets.starbucks.com/assets/16aadeddc3cf4f87a9a2cb0730b1b997.jpg?impolicy=1by1_tight_288
Spindrift Raspberry Lime Sparkling Water,Drinks,Cold Drinks,Sparkling Water,https://globalassets.starbucks.com/assets/959fee492e90447b8d17fbf511b36819.jpg?impolicy=1by1_tight_288
Galvanina Sparkling Water - Lime,Drinks,Cold Drinks,Sparkling Water,https://globalassets.starbucks.com/assets/fc7cf27aec2f4487a743af97d9057cfd.jpg?impolicy=1by1_tight_288
Ethos Bottled Water,Drinks,Cold Drinks,Water,https://globalassets.starbucks.com/assets/db9386b255ed440b893861e87f368934.jpg?impolicy=1by1_tight_288
Hawaii Volcanic Water,Drinks,Cold Drinks,Water,https://globalassets.starbucks.com/assets/ae65fe747ff242789a426bce82b47b9e.jpg?impolicy=1by1_tight_288
Water,Drinks,Cold Drinks,Water,https://globalassets.starbucks.com/assets/88254ca29a0c4b00a2d5ff9b8a6521b1.jpg?impolicy=1by1_tight_288
Impossible Breakfast Sandwich,Food,Hot Breakfast,Breakfast Sandwiches & Wraps,https://globalassets.starbucks.com/assets/f9a4cd143c4342abbb4f60b7fab4e6df.jpg?impolicy=1by1_tight_288
"Bacon, Gouda & Egg Sandwich",Food,Hot Breakfast,Breakfast Sandwiches & Wraps,https://globalassets.starbucks.com/assets/76909e4b00b5430faef132b2fa93e40b.jpg?impolicy=1by1_tight_288
"Double-Smoked Bacon, Cheddar & Egg Sandwich",Food,Hot Breakfast,Breakfast Sandwiches & Wraps,https://globalassets.starbucks.com/assets/a37c3ec673fa42f98f3b123a7d7ebbfe.jpg?impolicy=1by1_tight_288
"Turkey Bacon, Cheddar & Egg White Sandwich",Food,Hot Breakfast,Breakfast Sandwiches & Wraps,https://globalassets.starbucks.com/assets/b7e25a03655741869ced8dfde8c70659.jpg?impolicy=1by1_tight_288
"Sausage, Cheddar & Egg Sandwich",Food,Hot Breakfast,Breakfast Sandwiches & Wraps,https://globalassets.starbucks.com/assets/c96aed66f1bf4ba3a9a545a497873ede.jpg?impolicy=1by1_tight_288
"Roasted Ham, Swiss & Egg Sandwich",Food,Hot Breakfast,Breakfast Sandwiches & Wraps,https://globalassets.starbucks.com/assets/37470b5347354e6890025ae7e90f0fa4.jpg?impolicy=1by1_tight_288
"Spinach, Feta & Egg White Wrap",Food,Hot Breakfast,Breakfast Sandwiches & Wraps,https://globalassets.starbucks.com/assets/e4583a7fdc89458983fdacb248debb10.jpg?impolicy=1by1_tight_288
Avocado Spread,Food,Hot Breakfast,Breakfast Sandwiches & Wraps,https://globalassets.starbucks.com/assets/3d32d9ac0991482596873baa3f649211.jpg?impolicy=1by1_tight_288
Kale & Portabella Mushroom Sous Vide Egg Bites,Food,Hot Breakfast,Egg Bites,https://globalassets.starbucks.com/assets/1cc3dc31c716491e8713f5bae6fb5ce4.jpg?impolicy=1by1_tight_288
Bacon & Gruyere Sous Vide Egg Bites,Food,Hot Breakfast,Egg Bites,https://globalassets.starbucks.com/assets/ff22cb70c2fe4ba6b3d30150b0cf89cf.jpg?impolicy=1by1_tight_288
Egg White & Roasted Red Pepper Sous Vide Egg Bites,Food,Hot Breakfast,Egg Bites,https://globalassets.starbucks.com/assets/9e2c9538d66e4c43844b154b14b2f501.jpg?impolicy=1by1_tight_288
"Cheese, Onion & Garlic Bagel",Food,Bakery,Bagels,https://globalassets.starbucks.com/assets/738d89c837874a4ab31044808764b6fb.jpg?impolicy=1by1_tight_288
Plain Bagel,Food,Bakery,Bagels,https://globalassets.starbucks.com/assets/2362e79aa0ab4c37a930956c67ab557a.jpg?impolicy=1by1_tight_288
Cinnamon Raisin Bagel,Food,Bakery,Bagels,https://globalassets.starbucks.com/assets/b4bce2e2d28141e79b64f9e2de4a789c.jpg?impolicy=1by1_tight_288
Everything Bagel,Food,Bakery,Bagels,https://globalassets.starbucks.com/assets/aab900db615743f4a870b09ef8885436.jpg?impolicy=1by1_tight_288
Sprouted Grain Bagel,Food,Bakery,Bagels,https://globalassets.starbucks.com/assets/b671f44e46bf4a0182dbf9ba869fde55.jpg?impolicy=1by1_tight_288
Avocado Spread,Food,Bakery,Bagels,https://globalassets.starbucks.com/assets/3d32d9ac0991482596873baa3f649211.jpg?impolicy=1by1_tight_288
Fox Cake Pop,Food,Bakery,Cake Pops,https://globalassets.starbucks.com/assets/d350f1a30dc64a73948e1fd8795d800d.jpg?impolicy=1by1_tight_288
Unicorn Cake Pop,Food,Bakery,Cake Pops,https://globalassets.starbucks.com/assets/04a0f8b8638946b48a5f0cfe4471d06d.jpg?impolicy=1by1_tight_288
Birthday Cake Pop,Food,Bakery,Cake Pops,https://globalassets.starbucks.com/assets/5465db4bce6140609788162ffa76c41f.jpg?impolicy=1by1_tight_288
Chocolate Cake Pop,Food,Bakery,Cake Pops,https://globalassets.starbucks.com/assets/9ca96bf78afb4b91975946fd4528c24d.jpg?impolicy=1by1_tight_288
Double Chocolate Brownie,Food,Bakery,"Cookies, Brownies & Bars",https://globalassets.starbucks.com/assets/f827715797044a78bb79b86728a079cf.jpg?impolicy=1by1_tight_288
Chocolate Chip Cookie,Food,Bakery,"Cookies, Brownies & Bars",https://globalassets.starbucks.com/assets/7274a0da5453434aaa63b133edd3ce5c.jpg?impolicy=1by1_tight_288
Marshmallow Dream Bar,Food,Bakery,"Cookies, Brownies & Bars",https://globalassets.starbucks.com/assets/6d602f5b0d9f414598ea9c85656dbcac.jpg?impolicy=1by1_tight_288
Ham & Swiss Croissant,Food,Bakery,Croissants,https://globalassets.starbucks.com/assets/4ad44b1732ba425d9d095f3fa0a09771.jpg?impolicy=1by1_tight_288
Butter Croissant,Food,Bakery,Croissants,https://globalassets.starbucks.com/assets/e39e1d6044634535a027301d982c5842.jpg?impolicy=1by1_tight_288
Almond Croissant,Food,Bakery,Croissants,https://globalassets.starbucks.com/assets/2637b25fc9da4e8d981d1ff02f73a619.jpg?impolicy=1by1_tight_288
Chocolate Croissant,Food,Bakery,Croissants,https://globalassets.starbucks.com/assets/11a5dc6219434a4cbf81b195c14a393e.jpg?impolicy=1by1_tight_288
Cinnamon Coffee Cake,Food,Bakery,Loaves & Cakes,https://globalassets.starbucks.com/assets/f245bb86e2b74e42b8e6888f886930ef.jpg?impolicy=1by1_tight_288
Iced Lemon Loaf,Food,Bakery,Loaves & Cakes,https://globalassets.starbucks.com/assets/c636153c255049a487da5db5b9d5f631.jpg?impolicy=1by1_tight_288
Pumpkin Loaf,Food,Bakery,Loaves & Cakes,https://globalassets.starbucks.com/assets/4165130852f94823b3528abc3b9eb819.jpg?impolicy=1by1_tight_288
Banana Nut Loaf,Food,Bakery,Loaves & Cakes,https://globalassets.starbucks.com/assets/eef689b61a0b4e71bfab30a20f89b589.jpg?impolicy=1by1_tight_288
Cheese Danish,Food,Bakery,Danishes & Doughnuts,https://globalassets.starbucks.com/assets/b87eeb626b344c4a8ccb042e4aff4ab9.jpg?impolicy=1by1_tight_288
Glazed Doughnut,Food,Bakery,Danishes & Doughnuts,https://globalassets.starbucks.com/assets/1525945a0a0342eaa028aa20053b982f.jpg?impolicy=1by1_tight_288
Pumpkin Cream Cheese Muffin,Food,Bakery,Muffins & Scones,https://globalassets.starbucks.com/assets/e1a4f06b1e9c42f9833ea81409119eb9.jpg?impolicy=1by1_tight_288
Pumpkin Scone,Food,Bakery,Muffins & Scones,https://globalassets.starbucks.com/assets/11e332fbb04d47a3a3995d332e49de95.jpg?impolicy=1by1_tight_288
Blueberry Scone,Food,Bakery,Muffins & Scones,https://globalassets.starbucks.com/assets/be269a8f32c14f0cb58b81a50d1d100e.jpg?impolicy=1by1_tight_288
Petite Vanilla Bean Scone,Food,Bakery,Muffins & Scones,https://globalassets.starbucks.com/assets/16c051a3e36d4ee0ba4007396fe9f479.jpg?impolicy=1by1_tight_288
Blueberry Muffin,Food,Bakery,Muffins & Scones,https://globalassets.starbucks.com/assets/7d4665b4af2541e387336966c6e3f1fb.jpg?impolicy=1by1_tight_288
Crispy Grilled Cheese Sandwich,Food,Lunch,Warm Sandwiches,https://globalassets.starbucks.com/assets/02ea801e3aca434fa2fcccfcd4adba8c.jpg?impolicy=1by1_tight_288
Ham & Swiss Panini,Food,Lunch,Warm Sandwiches,https://globalassets.starbucks.com/assets/39c8d371efed45f18ba0d21f59c6229a.jpg?impolicy=1by1_tight_288
Turkey & Pesto Panini,Food,Lunch,Warm Sandwiches,https://globalassets.starbucks.com/assets/29a78190283c40f0a7978baa7f637e05.jpg?impolicy=1by1_tight_288
Chicken Caprese Panini,Food,Lunch,Warm Sandwiches,https://globalassets.starbucks.com/assets/60ed448383414ddca2d89ea6271c3cf4.jpg?impolicy=1by1_tight_288
Chicken & Bacon Panini,Food,Lunch,Warm Sandwiches,https://globalassets.starbucks.com/assets/f0962b4a05a54d519d1432e1888e41e9.jpg?impolicy=1by1_tight_288
Tomato & Mozzarella Panini,Food,Lunch,Warm Sandwiches,https://globalassets.starbucks.com/assets/f7febd6b86084135b98a13fa95c72f51.jpg?impolicy=1by1_tight_288
Avocado Spread,Food,Lunch,Warm Sandwiches,https://globalassets.starbucks.com/assets/3d32d9ac0991482596873baa3f649211.jpg?impolicy=1by1_tight_288
Eggs & Gouda Protein Box,Food,Lunch,Protein Boxes,https://globalassets.starbucks.com/assets/b2a7ab59ca1c430f8e2726df52a6e6da.jpg?impolicy=1by1_tight_288
Cheese Trio Protein Box,Food,Lunch,Protein Boxes,https://globalassets.starbucks.com/assets/87caae0d7e7a46f9868b9e49208f6b02.jpg?impolicy=1by1_tight_288
Cheddar & Uncured Salami Protein Box,Food,Lunch,Protein Boxes,https://globalassets.starbucks.com/assets/6ab18a5258254c998089346c67432f11.jpg?impolicy=1by1_tight_288
Chickpea Bites & Avocado Protein Box,Food,Lunch,Protein Boxes,https://globalassets.starbucks.com/assets/90710b7d65e942fd9de3418767d2a5a7.jpg?impolicy=1by1_tight_288
Grilled Chicken and Hummus Protein Box,Food,Lunch,Protein Boxes,https://globalassets.starbucks.com/assets/41f2b8737c4e4ecabf507fa71599ad6e.jpg?impolicy=1by1_tight_288
Eggs & Cheddar Protein Box,Food,Lunch,Protein Boxes,https://globalassets.starbucks.com/assets/345cb5f77b0a4a2f9f732a9c1b7e4d5f.jpg?impolicy=1by1_tight_288
PB&J Protein Box,Food,Lunch,Protein Boxes,https://globalassets.starbucks.com/assets/85c505911d6a408fb93b8b0b069cc9ad.jpg?impolicy=1by1_tight_288
Cheese & Fruit Protein Box,Food,Lunch,Protein Boxes,https://globalassets.starbucks.com/assets/8fe70ac5d94145319fdd6f23545c8aa1.jpg?impolicy=1by1_tight_288
"Prosnax Gala Apples, Egg, White Cheddar Cheese, and Almonds Snack Box",Food,Lunch,Protein Boxes,https://globalassets.starbucks.com/assets/95b5cc2e96144677a4d55fa52b09e1e9.jpg?impolicy=1by1_tight_288
"Prosnax Green Apples, Egg, Mild Cheddar Cheese, and Cashews Snack Box",Food,Lunch,Protein Boxes,https://globalassets.starbucks.com/assets/4dc7b8bdb99049df8cf687b561060d2a.jpg?impolicy=1by1_tight_288
"Prosnax Gala Apples, Cheedar Cheese, and Pretzels Snack Tray",Food,Lunch,Protein Boxes,https://globalassets.starbucks.com/assets/426a76bd6a8a42cd88f55b4b13142a60.jpg?impolicy=1by1_tight_288
"Prosnax Carrots, White Cheddar Cheese, and Almonds Snack Tray",Food,Lunch,Protein Boxes,https://globalassets.starbucks.com/assets/9187aeaf0c92404e903c94c3d1f719fb.jpg?impolicy=1by1_tight_288
Creminelli Snack Tray - Prosciutto,Food,Lunch,Protein Boxes,https://globalassets.starbucks.com/assets/7060b692be814cd1b18e11bf71d608d4.jpg?impolicy=1by1_tight_288
Chicken & Quinoa Protein Bowl with Black Beans and Greens,Food,Lunch,Protein Bowls,https://globalassets.starbucks.com/assets/4037795cf3b34c839cf444017aad2579.jpg?impolicy=1by1_tight_288
Dipped Madeleines,Food,Snacks & Sweets,Biscotti & Cookies,https://globalassets.starbucks.com/assets/374230e32c03466e9f1696551d843f3b.jpg?impolicy=1by1_tight_288
Madeleines,Food,Snacks & Sweets,Biscotti & Cookies,https://globalassets.starbucks.com/assets/5fb12ed3ec7d4ccabfa16ffdda80ad39.jpg?impolicy=1by1_tight_288
Vanilla Biscotti with Almonds,Food,Snacks & Sweets,Biscotti & Cookies,https://globalassets.starbucks.com/assets/dc92f4a2b14f463da2a4fa5fd6a003da.jpg?impolicy=1by1_tight_288
Shortbread Cookies,Food,Snacks & Sweets,Biscotti & Cookies,https://globalassets.starbucks.com/assets/c5d9a97775544dfb87e1c4283c0e70fd.jpg?impolicy=1by1_tight_288
Dark Chocolate Grahams (2-Pack),Food,Snacks & Sweets,Biscotti & Cookies,https://globalassets.starbucks.com/assets/2aca82d35f2e4064b69864da8d17fc09.jpg?impolicy=1by1_tight_288
Rip van Wafels - Honey & Oats,Food,Snacks & Sweets,Biscotti & Cookies,https://globalassets.starbucks.com/assets/88eb640cf0844a0a82db9fbfb8a679d7.jpg?impolicy=1by1_tight_288
Salted Almond Chocolate Bites,Food,Snacks & Sweets,Chocolates & Candy,https://globalassets.starbucks.com/assets/343dcfea158443ec8fdcaa75f04b2f7f.jpg?impolicy=1by1_tight_288
Chocolate Covered Espresso Beans,Food,Snacks & Sweets,Chocolates & Candy,https://globalassets.starbucks.com/assets/b1a36f6f12aa4f52ad69268fe021a9b6.jpg?impolicy=1by1_tight_288
Justin's Dark Chocolate Peanut Butter Cups,Food,Snacks & Sweets,Chocolates & Candy,https://globalassets.starbucks.com/assets/806e28baa7f5412a8300774ac4eda5ae.jpg?impolicy=1by1_tight_288
Banana,Food,Snacks & Sweets,Fruits & Nuts,https://globalassets.starbucks.com/assets/c209a66113d145ca90c4363bd32d685f.jpg?impolicy=1by1_tight_288
Orange,Food,Snacks & Sweets,Fruits & Nuts,https://globalassets.starbucks.com/assets/ad375d701ff545ae997f4f956f9627ba.jpg?impolicy=1by1_tight_288
Seasonal Fruit Blend,Food,Snacks & Sweets,Fruits & Nuts,https://globalassets.starbucks.com/assets/f9039840b7a0424db7a072218bbd678a.jpg
Squirrel Brand Fruit & Nut,Food,Snacks & Sweets,Fruits & Nuts,https://globalassets.starbucks.com/assets/f9039840b7a0424db7a072218bbd678a.jpg
Squirrel Brand - Classic Almonds,Food,Snacks & Sweets,Fruits & Nuts,https://globalassets.starbucks.com/assets/4e41f67af2954043b02d84a3880c7565.jpg?impolicy=1by1_tight_288
Peter Rabbit Organics Apple & Grape,Food,Snacks & Sweets,Fruits & Nuts,https://globalassets.starbucks.com/assets/83501c94dc5e4086992d804421989c9b.jpg?impolicy=1by1_tight_288
Peter Rabbit Organics Strawberry Banana,Food,Snacks & Sweets,Fruits & Nuts,https://globalassets.starbucks.com/assets/b510d3c921ec4e4b918759886fc8441d.jpg?impolicy=1by1_tight_288
Peppermint Gum,Food,Snacks & Sweets,Gums & Mints,https://globalassets.starbucks.com/assets/2d84bfab7562400a8447db63b71c1756.jpg?impolicy=1by1_tight_288
Starbucks BBQ Potato Chips,Food,Snacks & Sweets,Popcorn & Chips,https://globalassets.starbucks.com/assets/3435488074eb4c3a899b1ae405cc8132.jpg?impolicy=1by1_tight_288
Butter Gourmet Popcorn,Food,Snacks & Sweets,Popcorn & Chips,https://globalassets.starbucks.com/assets/a0dcda7a47844b72b62cb8d80f123a15.jpg?impolicy=1by1_tight_288
Hippeas - White Cheddar,Food,Snacks & Sweets,Popcorn & Chips,https://globalassets.starbucks.com/assets/afb612ca41724967b87c3cd14d2dc486.jpg?impolicy=1by1_tight_288
Kettle Corn,Food,Snacks & Sweets,Popcorn & Chips,https://globalassets.starbucks.com/assets/019b81f7814541bdba46293f91b9e88e.jpg
POP! - Sunflower Oil & Sea Salt,Food,Snacks & Sweets,Popcorn & Chips,https://globalassets.starbucks.com/assets/6fc4739cc29341618c652eb93a9c7f63.jpg
Salt & Vinegar Kettle Potato Chips,Food,Snacks & Sweets,Popcorn & Chips,https://globalassets.starbucks.com/assets/9507b594cafa46689311d972f7b4403c.jpg?impolicy=1by1_tight_288
Rhythm Super Foods Kale Chips - Sea Salt,Food,Snacks & Sweets,Popcorn & Chips,https://globalassets.starbucks.com/assets/d038f643301e43d8bdfa6b5dff84270d.jpg
Simply Salted Kettle Potato Chips,Food,Snacks & Sweets,Popcorn & Chips,https://globalassets.starbucks.com/assets/5a8a69d77727486a884fd2ca13274d57.jpg?impolicy=1by1_tight_288
Sweet Potato Kettle Potato Chips,Food,Snacks & Sweets,Popcorn & Chips,https://globalassets.starbucks.com/assets/45803a19f4f441dbb4414ae246eb7853.jpg?impolicy=1by1_tight_288
Creminelli Snack Tray - Sopressata Salami & Monterey Jack,Food,Snacks & Sweets,Meat & Cheese,https://globalassets.starbucks.com/assets/c0ef93546fed4bcf90b78161f45f777d.jpg?impolicy=1by1_tight_288
Country Archer - Hickory Smoked Turkey Jerkey,Food,Snacks & Sweets,Meat & Cheese,https://globalassets.starbucks.com/assets/b2e21f67841b4173b31f2fdaf7682704.jpg?impolicy=1by1_tight_288
Country Archer Original Beef Jerky,Food,Snacks & Sweets,Meat & Cheese,https://globalassets.starbucks.com/assets/7612c00c904b4eb0b5dd2cae87cb862b.jpg
Moon Cheese - Cheddar,Food,Snacks & Sweets,Meat & Cheese,https://globalassets.starbucks.com/assets/5ca7f29e515a40e2af90e170df77def8.jpg?impolicy=1by1_tight_288
Babybel Mini Cheese Snack,Food,Snacks & Sweets,Meat & Cheese,https://globalassets.starbucks.com/assets/6835e53787274d328fecb49ed0ad872d.jpg?impolicy=1by1_tight_288
String Cheese,Food,Snacks & Sweets,Meat & Cheese,https://globalassets.starbucks.com/assets/dab14d4c5d6a4a9c8f0d591ce40bb8e9.jpg?impolicy=1by1_tight_288
Perfect Bar - Dark Chocolate Chip Peanut Butter,Food,Snacks & Sweets,Snack Bars,https://globalassets.starbucks.com/assets/91c537bbff3749c29b2ac237a172c305.jpg?impolicy=1by1_tight_288
Perfect Bar Peanut Butter,Food,Snacks & Sweets,Snack Bars,https://globalassets.starbucks.com/assets/235439007f2f4ac8af8ea6fa408b105e.jpg?impolicy=1by1_tight_288
Good Squared - Urban Trail,Food,Snacks & Sweets,Snack Bars,https://globalassets.starbucks.com/assets/7b7b89253ed0410b8d1eba728b060f06.jpg
KIND - Almond Coconut Cashew Chai,Food,Snacks & Sweets,Snack Bars,https://globalassets.starbucks.com/assets/08b2e19d7eb941c0a00d6a685058b6e9.jpg
KIND Blueberry Vanilla & Cashew Bar,Food,Snacks & Sweets,Snack Bars,https://globalassets.starbucks.com/assets/ed3836b9b1584f258435b8fd2751b2fc.jpg?impolicy=1by1_tight_288
KIND Peanut Butter Dark Chocolate Bar,Food,Snacks & Sweets,Snack Bars,https://globalassets.starbucks.com/assets/bf886dd85b944ce9b08e012c2405538e.jpg?impolicy=1by1_tight_288
KIND Salted Caramel & Dark Chocolate Nut Bar,Food,Snacks & Sweets,Snack Bars,https://globalassets.starbucks.com/assets/4163fc4c73ef40ea93b7bee2cd0de709.jpg
That's It - Apple + Blueberry Bar,Food,Snacks & Sweets,Snack Bars,https://globalassets.starbucks.com/assets/1f5f286b7f5c488994f63743ce1a65c6.jpg?impolicy=1by1_tight_288
That's It - Apple + Mango Bar,Food,Snacks & Sweets,Snack Bars,https://globalassets.starbucks.com/assets/ecfc6650e4a74b268ec49f27d3d8b895.jpg
This Bar Saves Lives - Dark Chocolate Cherry & Sea Salt Bar,Food,Snacks & Sweets,Snack Bars,https://globalassets.starbucks.com/assets/83f481a7614c479490c73f1600837644.jpg?impolicy=1by1_tight_288
This Bar Saves Lives - Dark Chocolate Peanut Butter & Sea Salt Bar,Food,Snacks & Sweets,Snack Bars,https://globalassets.starbucks.com/assets/2553a48b8ea541989d52cbf729415fb1.jpg?impolicy=1by1_tight_288
This Bar Saves Lives - Madagascar Vanilla Almond & Honey Bar,Food,Snacks & Sweets,Snack Bars,https://globalassets.starbucks.com/assets/37fb9f4b5cad49b592154bd3e80c4ff6.jpg?impolicy=1by1_tight_288
Blueberry & Oatmeal Jammy Sammy,Food,Snacks & Sweets,Snack Bars,https://globalassets.starbucks.com/assets/7261e7b611524aec99583a7667923e40.jpg
This Bar Saves LIves - Wild Blueberry Pistachio Bar,Food,Snacks & Sweets,Snack Bars,https://globalassets.starbucks.com/assets/c36ff04cb50443adbdadfb6e3a0ef7cb.jpg
Chocolate Chip Kids Clif ZBar,Food,Snacks & Sweets,Snack Bars,https://globalassets.starbucks.com/assets/ac73a24edf2c41d98805c9cff4351b61.jpg
Avocado Spread,Food,Snacks & Sweets,Spreads,https://globalassets.starbucks.com/assets/3d32d9ac0991482596873baa3f649211.jpg?impolicy=1by1_tight_288
Hearty Blueberry Oatmeal,Food,Oatmeal & Yogurt,,https://globalassets.starbucks.com/assets/b0e0112505884457ad3f3af0ba17f6c7.jpg?impolicy=1by1_tight_288
Classic Oatmeal,Food,Oatmeal & Yogurt,,https://globalassets.starbucks.com/assets/0612427b8d134a098b6f7457fdac44d2.jpg?impolicy=1by1_tight_288
Berry Trio Parfait,Food,Oatmeal & Yogurt,,https://globalassets.starbucks.com/assets/bb65a9c21ce34ad5b9f99f58615b8211.jpg?impolicy=1by1_tight_288
Strawberry Overnight Grains,Food,Oatmeal & Yogurt,,https://globalassets.starbucks.com/assets/d9814c54a23442e880665176d4047a13.jpg?impolicy=1by1_tight_288
Siggi's Yogurt Cup 0% Vanilla,Food,Oatmeal & Yogurt,,https://globalassets.starbucks.com/assets/4ff4e60ac09d429cbdd1485cc08e40e1.jpg?impolicy=1by1_tight_288
Starbucks Reserve Vietnam Da Lat,At Home Coffee,Whole Bean,Starbucks Reserve,https://globalassets.starbucks.com/assets/09c15ddea6b04dc8a4151e273692307d.jpg?impolicy=1by1_tight_288
Starbucks Reserve Costa Rica Naranjo,At Home Coffee,Whole Bean,Starbucks Reserve,https://globalassets.starbucks.com/assets/3b9ffedbbd7341fda7887bd7def1a6b3.jpg?impolicy=1by1_tight_288
Starbucks Reserve Hawaii Kau,At Home Coffee,Whole Bean,Starbucks Reserve,https://globalassets.starbucks.com/assets/8bbee51774bb4ee79553e7b911a7807b.jpg?impolicy=1by1_tight_288
Rwanda Hingakawa Starbucks Reserve,At Home Coffee,Whole Bean,Starbucks Reserve,https://globalassets.starbucks.com/assets/ee5e2a54ceeb42319dde7259f15f27d5.jpg?impolicy=1by1_tight_288
Colombia Finca La Reserva Starbucks Reserve,At Home Coffee,Whole Bean,Starbucks Reserve,https://globalassets.starbucks.com/assets/98c2bae9804c42f1922788b3e79a8874.jpg?impolicy=1by1_tight_288
Bolivia Sol de La Manana Starbucks Reserve,At Home Coffee,Whole Bean,Starbucks Reserve,https://globalassets.starbucks.com/assets/842554b9b74f4cbb83cf9674b974097a.jpg?impolicy=1by1_tight_288
Veranda Blend,At Home Coffee,Whole Bean,Blonde Roast,https://globalassets.starbucks.com/assets/7ecdba6f53364ac1b931b40c4b11f9f1.jpg?impolicy=1by1_tight_288
Starbucks Blonde Espresso Roast,At Home Coffee,Whole Bean,Blonde Roast,https://globalassets.starbucks.com/assets/9f1e696dfebf4e43b706dff28840debe.jpg?impolicy=1by1_tight_288
Guatemala Casi Cielo,At Home Coffee,Whole Bean,Medium Roast,https://globalassets.starbucks.com/assets/cf43dd5ca8ef420c93ea653f9df0bff9.jpg?impolicy=1by1_tight_288
Siren's Blend,At Home Coffee,Whole Bean,Medium Roast,https://globalassets.starbucks.com/assets/9779bf438c8c410cb75c61827e40baa2.jpg?impolicy=1by1_tight_288
Guatemala Antigua,At Home Coffee,Whole Bean,Medium Roast,https://globalassets.starbucks.com/assets/2f673d715cd1453fa1673ad04d08fb2d.jpg?impolicy=1by1_tight_288
Pike Place Roast,At Home Coffee,Whole Bean,Medium Roast,https://globalassets.starbucks.com/assets/67925c5957eb4a27a68a6262552a7b9a.jpg?impolicy=1by1_tight_288
Organic Yukon Blend,At Home Coffee,Whole Bean,Medium Roast,https://globalassets.starbucks.com/assets/e6505ad36e834316971607823270cdab.jpg?impolicy=1by1_tight_288
Decaf Sumatra,At Home Coffee,Whole Bean,Dark Roast,https://globalassets.starbucks.com/assets/6b684fdb10a843c88f7e6ddcc2bd9cb5.jpg?impolicy=1by1_tight_288
Caffe Verona,At Home Coffee,Whole Bean,Dark Roast,https://globalassets.starbucks.com/assets/32355dbaa8634b11b9cbee138046bab9.jpg?impolicy=1by1_tight_288
Espresso Roast,At Home Coffee,Whole Bean,Dark Roast,https://globalassets.starbucks.com/assets/049bcb69cc8c4c25820f97d3c7c90c28.jpg
Italian Roast,At Home Coffee,Whole Bean,Dark Roast,https://globalassets.starbucks.com/assets/a48597800f844315a64a06a060358b45.jpg?impolicy=1by1_tight_288
Komodo Dragon Blend,At Home Coffee,Whole Bean,Dark Roast,https://globalassets.starbucks.com/assets/bce63b62a7c840ab96e1c761de1834a4.jpg?impolicy=1by1_tight_288
Sumatra,At Home Coffee,Whole Bean,Dark Roast,https://globalassets.starbucks.com/assets/a357a730a46747fd86ab26540480e44c.jpg?impolicy=1by1_tight_288
Starbucks VIA Instant Pumpkin Spice Latte,At Home Coffee,VIA Instant,Seasonal,https://globalassets.starbucks.com/assets/734cc6f63c2d4a44a5523ea258420ae3.jpg?impolicy=1by1_tight_288
Starbucks VIA Instant Refreshers Cool Lime,At Home Coffee,VIA Instant,Seasonal,https://globalassets.starbucks.com/assets/e6c7b02b4308439da785bdf51969890f.jpg
Starbucks VIA Instant Refreshers Very Berry Hibiscus,At Home Coffee,VIA Instant,Seasonal,https://globalassets.starbucks.com/assets/2f7013df2f2e42e4b502c2faed447928.jpg
VIA Sweetened Iced Coffee,At Home Coffee,VIA Instant,Flavored,https://globalassets.starbucks.com/assets/713f533b151b4d4d92d76eddeb06d4a2.jpg?impolicy=1by1_tight_288
VIA Veranda Blend,At Home Coffee,VIA Instant,Blonde Roast,https://globalassets.starbucks.com/assets/3f85a9b6cbdf4e1c90ad02bb8be1acfa.jpg?impolicy=1by1_tight_288
Starbucks VIA Instant Colombia Coffee,At Home Coffee,VIA Instant,Medium Roast,https://globalassets.starbucks.com/assets/f8886602b0d64cc38cee1d0908ffe125.jpg?impolicy=1by1_tight_288
Starbucks VIA Instant Pike Place Roast,At Home Coffee,VIA Instant,Medium Roast,https://globalassets.starbucks.com/assets/4c4bd49d19984ce29cc5f158a0242687.jpg?impolicy=1by1_tight_288
VIA French Roast,At Home Coffee,VIA Instant,Dark Roast,https://globalassets.starbucks.com/assets/adb58c21c8da42e98ed29bb30576370c.jpg?impolicy=1by1_tight_288
VIA Italian Roast,At Home Coffee,VIA Instant,Dark Roast,https://globalassets.starbucks.com/assets/375825d752104a3ca4a91af1a6068373.jpg?impolicy=1by1_tight_288
VIA Decaf Italian Roast,At Home Coffee,VIA Instant,Dark Roast,https://globalassets.starbucks.com/assets/d0fdab89dd634b1b90e6468a947f2c53.jpg?impolicy=1by1_tight_288
Undersea Tail Plastic Cold Cup - 24 fl oz,Merchandise,Cold Cups,,https://globalassets.starbucks.com/assets/d85a6ec4d5be46e9a3a4bc6031573fda.jpg?impolicy=1by1_tight_288
Recycled Glass Cold Cup - 16 fl oz,Merchandise,Cold Cups,,https://globalassets.starbucks.com/assets/7feb2acf36644f2996387b145c505d93.jpg?impolicy=1by1_tight_288
Cold To-Go Cup - 24 fl oz,Merchandise,Cold Cups,,https://globalassets.starbucks.com/assets/b3c749e064534f608fcc84076329f39d.jpg?impolicy=1by1_tight_288
Matte Black Soft-Touch Bling Cold Cup - 24 fl oz,Merchandise,Cold Cups,,https://globalassets.starbucks.com/assets/c7c7edc66a33463c938028fe4bb9d5d2.jpg?impolicy=1by1_tight_288
Green Gradient Stainless - Steel Cold Cup - 24 fl oz,Merchandise,Cold Cups,,https://globalassets.starbucks.com/assets/3d0e2bd3f9e64d828b2be5642a80697d.jpg?impolicy=1by1_tight_288
Mint Recycled Plastic Tumbler - 16 fl oz,Merchandise,Tumblers,,https://globalassets.starbucks.com/assets/bd4ded43f9e7417488da4ba903063fb4.jpg?impolicy=1by1_tight_288
Black Ice Crystal Stainless - Steel Tumbler - 12 fl oz,Merchandise,Tumblers,,https://globalassets.starbucks.com/assets/aeff985430bc4addaa13b0126a8d5701.jpg?impolicy=1by1_tight_288
Brushed Silver Stainless - Steel Tumbler - 16 fl oz,Merchandise,Tumblers,,https://globalassets.starbucks.com/assets/5a00f09f6a8f43b58c1dac1deecfcfe7.jpg?impolicy=1by1_tight_288
Gradient Speckle Stainless - Steel Tumbler - 20 fl oz,Merchandise,Tumblers,,https://globalassets.starbucks.com/assets/2286c3f69d6e4fc09c00850dbc76f4a9.jpg?impolicy=1by1_tight_288
Siren Logo Plastic Hot Cup - 16 fl oz,Merchandise,Tumblers,,https://globalassets.starbucks.com/assets/819df1d59b5946abb7df45ba7d89a933.jpg?impolicy=1by1_tight_288
Siren Shine Stainless-Steel Water Bottle - 20 fl oz,Merchandise,Water Bottles,,https://globalassets.starbucks.com/assets/1d60dfa15cb34919b8a6a7c3d1703eb8.jpg?impolicy=1by1_tight_288
Clear Luster Recycled Glass Water Bottle - 20 fl oz,Merchandise,Water Bottles,,https://globalassets.starbucks.com/assets/9c95aa068063499fb885738099226638.jpg?impolicy=1by1_tight_288
Small Shopping Bag,Merchandise,Other,,https://globalassets.starbucks.com/assets/75252b10ad4f45debf9cff3de9029663.jpg?impolicy=1by1_tight_288